tier,scene,scene_name,algo,n_views,psnr_db,ssim,consistency,score,time_s
public,sample_00,lidc_test_00,fbp_gpu,60,20.1415,0.3135,0.7972,0.3862,0.81
public,sample_00,lidc_test_00,tv_admm_gpu,60,17.0401,0.0905,0.8644,0.2795,1.53
public,sample_00,lidc_test_00,pnp_drunet,60,24.3806,0.8664,0.8657,0.6635,3.2
public,sample_01,lidc_test_01,fbp_gpu,60,20.9308,0.3015,0.8265,0.3952,0.03
public,sample_01,lidc_test_01,tv_admm_gpu,60,17.2272,0.1069,0.8788,0.2908,1.42
public,sample_01,lidc_test_01,pnp_drunet,60,24.77,0.772,0.8808,0.6327,2.63
public,sample_02,lidc_test_02,fbp_gpu,60,21.339,0.3698,0.8488,0.4311,0.03
public,sample_02,lidc_test_02,tv_admm_gpu,60,17.759,0.1583,0.8846,0.3178,1.39
public,sample_02,lidc_test_02,pnp_drunet,60,22.6609,0.7539,0.8892,0.606,2.65
public,sample_03,lidc_test_03,fbp_gpu,60,23.1646,0.5026,0.8804,0.5088,0.04
public,sample_03,lidc_test_03,tv_admm_gpu,60,19.6999,0.2701,0.9318,0.3914,1.45
public,sample_03,lidc_test_03,pnp_drunet,60,24.9485,0.8012,0.9414,0.6582,2.64
public,sample_04,lidc_test_04,fbp_gpu,60,18.8159,0.1601,0.7846,0.3091,0.03
public,sample_04,lidc_test_04,tv_admm_gpu,60,16.9644,0.0728,0.8448,0.2677,1.39
public,sample_04,lidc_test_04,pnp_drunet,60,21.1338,0.2312,0.8448,0.3728,2.66
public,sample_05,lidc_test_05,fbp_gpu,60,20.5975,0.424,0.869,0.4494,0.03
public,sample_05,lidc_test_05,tv_admm_gpu,60,18.5043,0.2286,0.9103,0.3585,1.38
public,sample_05,lidc_test_05,pnp_drunet,60,22.358,0.7262,0.9181,0.5977,2.69
public,sample_06,lidc_test_06,fbp_gpu,60,19.6638,0.2501,0.7977,0.3562,0.04
public,sample_06,lidc_test_06,tv_admm_gpu,60,17.0781,0.0848,0.8544,0.2756,1.46
public,sample_06,lidc_test_06,pnp_drunet,60,22.2275,0.5106,0.8549,0.4975,2.69
public,sample_07,lidc_test_07,fbp_gpu,60,22.9576,0.5069,0.8475,0.5019,0.03
public,sample_07,lidc_test_07,tv_admm_gpu,60,22.2096,0.3221,0.9564,0.4422,1.44
public,sample_07,lidc_test_07,pnp_drunet,60,26.1,0.7519,0.9655,0.6548,2.7
public,sample_08,lidc_test_08,fbp_gpu,60,22.5703,0.4254,0.8534,0.4665,0.03
public,sample_08,lidc_test_08,tv_admm_gpu,60,19.1377,0.2129,0.89,0.3545,1.45
public,sample_08,lidc_test_08,pnp_drunet,60,23.3058,0.7175,0.8975,0.5995,2.71
public,sample_09,lidc_test_09,fbp_gpu,60,26.4876,0.5346,0.9067,0.5601,0.03
public,sample_09,lidc_test_09,tv_admm_gpu,60,21.7165,0.3312,0.9516,0.44,1.45
public,sample_09,lidc_test_09,pnp_drunet,60,28.9854,0.8534,0.9673,0.7247,2.69
public,sample_10,lidc_test_10,fbp_gpu,60,23.5688,0.4164,0.8756,0.4774,0.03
public,sample_10,lidc_test_10,tv_admm_gpu,60,19.6751,0.2613,0.9456,0.3904,1.41
public,sample_10,lidc_test_10,pnp_drunet,60,28.7376,0.793,0.9625,0.6971,2.66
dev,sample_00,lidc_val_00,fbp_gpu,60,18.4006,0.3711,0.8005,0.3925,0.7
dev,sample_00,lidc_val_00,tv_admm_gpu,60,16.7805,0.1534,0.8395,0.2971,1.52
dev,sample_00,lidc_val_00,pnp_drunet,60,19.1951,0.6067,0.8424,0.5031,3.19
dev,sample_01,lidc_val_01,fbp_gpu,60,21.4189,0.4194,0.854,0.4527,0.03
dev,sample_01,lidc_val_01,tv_admm_gpu,60,20.4554,0.2732,0.9468,0.4032,1.42
dev,sample_01,lidc_val_01,pnp_drunet,60,23.0458,0.6501,0.9518,0.5809,2.6
dev,sample_02,lidc_val_02,fbp_gpu,60,25.3296,0.5044,0.87,0.529,0.03
dev,sample_02,lidc_val_02,tv_admm_gpu,60,22.0852,0.303,0.9241,0.4269,1.42
dev,sample_02,lidc_val_02,pnp_drunet,60,27.4618,0.8138,0.9321,0.6866,2.62
dev,sample_03,lidc_val_03,fbp_gpu,60,22.2309,0.463,0.8357,0.4747,0.03
dev,sample_03,lidc_val_03,tv_admm_gpu,60,20.0356,0.2514,0.8885,0.3786,1.44
dev,sample_03,lidc_val_03,pnp_drunet,60,23.2677,0.7618,0.8942,0.6163,2.64
dev,sample_04,lidc_val_04,fbp_gpu,60,27.5064,0.581,0.8775,0.583,0.03
dev,sample_04,lidc_val_04,tv_admm_gpu,60,27.2973,0.6828,0.9611,0.6383,1.41
dev,sample_04,lidc_val_04,pnp_drunet,60,28.6636,0.8517,0.9652,0.7203,2.63
dev,sample_05,lidc_val_05,fbp_gpu,60,29.1432,0.617,0.8927,0.6168,0.03
dev,sample_05,lidc_val_05,tv_admm_gpu,60,27.8311,0.7067,0.9545,0.6519,1.42
dev,sample_05,lidc_val_05,pnp_drunet,60,29.1666,0.8863,0.9586,0.7379,2.62
dev,sample_06,lidc_val_06,fbp_gpu,60,21.0467,0.3994,0.8372,0.4377,0.03
dev,sample_06,lidc_val_06,tv_admm_gpu,60,18.0719,0.1977,0.8654,0.3329,1.44
dev,sample_06,lidc_val_06,pnp_drunet,60,21.4493,0.6977,0.8719,0.5679,2.65
dev,sample_07,lidc_val_07,fbp_gpu,60,25.917,0.577,0.8718,0.5643,0.03
dev,sample_07,lidc_val_07,tv_admm_gpu,60,25.2488,0.4753,0.9618,0.535,1.43
dev,sample_07,lidc_val_07,pnp_drunet,60,27.586,0.7668,0.9665,0.6759,2.64
dev,sample_08,lidc_val_08,fbp_gpu,60,25.8694,0.5414,0.8746,0.5502,0.03
dev,sample_08,lidc_val_08,tv_admm_gpu,60,24.9981,0.6734,0.9392,0.6072,1.48
dev,sample_08,lidc_val_08,pnp_drunet,60,26.472,0.8567,0.9455,0.6965,2.61
dev,sample_09,lidc_val_09,fbp_gpu,60,18.4072,0.3371,0.8109,0.3811,0.03
dev,sample_09,lidc_val_09,tv_admm_gpu,60,16.6979,0.1656,0.8424,0.3017,1.42
dev,sample_09,lidc_val_09,pnp_drunet,60,18.9397,0.5791,0.8469,0.4904,2.64
dev,sample_10,lidc_val_10,fbp_gpu,60,18.5105,0.3051,0.839,0.3749,0.03
dev,sample_10,lidc_val_10,tv_admm_gpu,60,17.3794,0.1783,0.869,0.3189,1.41
dev,sample_10,lidc_val_10,pnp_drunet,60,20.3085,0.6095,0.8725,0.5214,2.62
dev,sample_11,lidc_val_11,fbp_gpu,60,20.0129,0.397,0.843,0.4275,0.03
dev,sample_11,lidc_val_11,tv_admm_gpu,60,18.4989,0.2501,0.9029,0.3656,1.39
dev,sample_11,lidc_val_11,pnp_drunet,60,21.0766,0.6744,0.9099,0.5625,2.62
dev,sample_12,lidc_val_12,fbp_gpu,60,28.4664,0.6372,0.9019,0.6199,0.03
dev,sample_12,lidc_val_12,tv_admm_gpu,60,27.0877,0.626,0.9635,0.614,1.41
dev,sample_12,lidc_val_12,pnp_drunet,60,29.158,0.8473,0.968,0.7241,2.63
dev,sample_13,lidc_val_13,fbp_gpu,60,21.2985,0.3494,0.8523,0.4232,0.05
dev,sample_13,lidc_val_13,tv_admm_gpu,60,19.0833,0.1734,0.9215,0.3445,1.42
dev,sample_13,lidc_val_13,pnp_drunet,60,23.3899,0.7078,0.9285,0.6027,2.64
dev,sample_14,lidc_val_14,fbp_gpu,60,22.2274,0.456,0.8574,0.4761,0.03
dev,sample_14,lidc_val_14,tv_admm_gpu,60,21.5022,0.3072,0.9546,0.4288,1.41
dev,sample_14,lidc_val_14,pnp_drunet,60,23.3896,0.6477,0.962,0.5854,2.64
dev,sample_15,lidc_val_15,fbp_gpu,60,21.2732,0.4392,0.8593,0.4603,0.03
dev,sample_15,lidc_val_15,tv_admm_gpu,60,19.7796,0.3047,0.9225,0.4042,1.39
dev,sample_15,lidc_val_15,pnp_drunet,60,22.548,0.7184,0.9303,0.5989,2.61
dev,sample_16,lidc_val_16,fbp_gpu,60,21.0975,0.3907,0.7913,0.4255,0.03
dev,sample_16,lidc_val_16,tv_admm_gpu,60,19.0948,0.2473,0.8595,0.3618,1.38
dev,sample_16,lidc_val_16,pnp_drunet,60,21.0919,0.709,0.8615,0.5668,2.6
dev,sample_17,lidc_val_17,fbp_gpu,60,22.8767,0.4167,0.8638,0.4682,0.03
dev,sample_17,lidc_val_17,tv_admm_gpu,60,19.9472,0.2284,0.9076,0.3723,1.38
dev,sample_17,lidc_val_17,pnp_drunet,60,24.0857,0.8094,0.9144,0.6475,2.6
dev,sample_18,lidc_val_18,fbp_gpu,60,24.2051,0.4716,0.8709,0.5049,0.03
dev,sample_18,lidc_val_18,tv_admm_gpu,60,23.5634,0.5885,0.9466,0.5604,1.37
dev,sample_18,lidc_val_18,pnp_drunet,60,24.7884,0.8135,0.9589,0.6651,2.6
dev,sample_19,lidc_val_19,fbp_gpu,60,18.3309,0.2275,0.8186,0.338,0.03
dev,sample_19,lidc_val_19,tv_admm_gpu,60,16.6316,0.1399,0.8734,0.297,1.37
dev,sample_19,lidc_val_19,pnp_drunet,60,19.3856,0.4899,0.8795,0.4657,2.61
hidden,sample_00,lidc_val_h00_adversarial,fbp_gpu,73,18.1467,0.6831,0.6835,0.4914,0.91
hidden,sample_00,lidc_val_h00_adversarial,tv_admm_gpu,73,15.9763,0.2921,0.7553,0.3277,2.15
hidden,sample_00,lidc_val_h00_adversarial,pnp_drunet,73,18.5776,0.8379,0.7557,0.5721,3.93
hidden,sample_01,lidc_val_h01_adversarial,fbp_gpu,52,17.0488,0.6658,0.673,0.4714,0.04
hidden,sample_01,lidc_val_h01_adversarial,tv_admm_gpu,52,11.846,0.0058,0.0205,0.0249,1.49
hidden,sample_01,lidc_val_h01_adversarial,pnp_drunet,52,6.802,0.5741,0.2149,0.2406,2.73
hidden,sample_02,lidc_val_h02_adversarial,fbp_gpu,87,17.3811,0.5864,0.7294,0.4542,0.06
hidden,sample_02,lidc_val_h02_adversarial,tv_admm_gpu,87,16.4908,0.3947,0.7628,0.3753,2.33
hidden,sample_02,lidc_val_h02_adversarial,pnp_drunet,87,17.5666,0.7358,0.7629,0.5226,3.34
hidden,sample_03,lidc_val_h03_adversarial,fbp_gpu,46,17.2923,0.4708,0.7191,0.405,0.03
hidden,sample_03,lidc_val_h03_adversarial,tv_admm_gpu,46,15.754,0.2719,0.7569,0.3177,1.37
hidden,sample_03,lidc_val_h03_adversarial,pnp_drunet,46,17.6112,0.5805,0.7573,0.4598,2.57
hidden,sample_04,lidc_val_h04_adversarial,fbp_gpu,46,17.5833,0.6134,0.6992,0.461,0.03
hidden,sample_04,lidc_val_h04_adversarial,tv_admm_gpu,46,16.0169,0.286,0.755,0.3256,1.35
hidden,sample_04,lidc_val_h04_adversarial,pnp_drunet,46,18.1581,0.7813,0.7553,0.5452,2.57
hidden,sample_05,lidc_val_h05_adversarial,fbp_gpu,85,21.8344,0.4214,0.8869,0.4643,0.06
hidden,sample_05,lidc_val_h05_adversarial,tv_admm_gpu,85,14.5828,0.2317,0.9083,0.3202,2.29
hidden,sample_05,lidc_val_h05_adversarial,pnp_drunet,85,22.1487,0.792,0.9277,0.6238,3.32
hidden,sample_06,lidc_val_h06_adversarial,fbp_gpu,74,17.5957,0.609,0.6773,0.455,0.05
hidden,sample_06,lidc_val_h06_adversarial,tv_admm_gpu,74,14.6186,0.1607,0.7535,0.2612,2.0
hidden,sample_06,lidc_val_h06_adversarial,pnp_drunet,74,18.0056,0.7784,0.7543,0.5423,3.17
hidden,sample_07,lidc_val_h07_adversarial,fbp_gpu,90,21.2147,0.3872,0.8349,0.434,0.05
hidden,sample_07,lidc_val_h07_adversarial,tv_admm_gpu,90,12.5674,0.1857,-0.0,0.1,2.36
hidden,sample_07,lidc_val_h07_adversarial,pnp_drunet,90,6.2903,0.3847,-0.5645,0.0039,3.41
hidden,sample_08,lidc_val_h08_adversarial,fbp_gpu,75,16.3071,0.6186,0.6893,0.4484,0.05
hidden,sample_08,lidc_val_h08_adversarial,tv_admm_gpu,75,12.2216,0.0291,-0.0,0.0339,2.01
hidden,sample_08,lidc_val_h08_adversarial,pnp_drunet,75,4.693,0.458,-0.0833,0.1135,3.13
hidden,sample_09,lidc_val_h09_adversarial,fbp_gpu,77,20.5673,0.4358,0.9171,0.4634,0.05
hidden,sample_09,lidc_val_h09_adversarial,tv_admm_gpu,77,15.3613,0.3631,0.9216,0.3832,2.07
hidden,sample_09,lidc_val_h09_adversarial,pnp_drunet,77,20.4203,0.8782,0.9664,0.6488,3.17
hidden,sample_10,lidc_val_h10_adversarial,fbp_gpu,84,17.6843,0.522,0.7559,0.4368,0.05
hidden,sample_10,lidc_val_h10_adversarial,tv_admm_gpu,84,17.0841,0.4051,0.7765,0.3882,2.3
hidden,sample_10,lidc_val_h10_adversarial,pnp_drunet,84,17.7339,0.7037,0.7765,0.5141,3.37
hidden,sample_11,lidc_val_h11_adversarial,fbp_gpu,86,18.0659,0.4828,0.7739,0.4286,0.06
hidden,sample_11,lidc_val_h11_adversarial,tv_admm_gpu,86,14.9873,0.2318,0.798,0.3022,2.4
hidden,sample_11,lidc_val_h11_adversarial,pnp_drunet,86,17.9758,0.7519,0.7996,0.5404,3.34
hidden,sample_12,lidc_val_h12_adversarial,fbp_gpu,88,17.7635,0.5509,0.728,0.4436,0.05
hidden,sample_12,lidc_val_h12_adversarial,tv_admm_gpu,88,16.522,0.3344,0.7672,0.3524,2.32
hidden,sample_12,lidc_val_h12_adversarial,pnp_drunet,88,17.8391,0.7119,0.7674,0.5166,3.42
hidden,sample_13,lidc_val_h13_adversarial,fbp_gpu,67,19.0798,0.4154,0.7995,0.4168,0.04
hidden,sample_13,lidc_val_h13_adversarial,tv_admm_gpu,67,14.8053,0.3535,0.0869,0.2068,1.82
hidden,sample_13,lidc_val_h13_adversarial,pnp_drunet,67,7.9017,0.3419,-0.0373,0.1083,3.02
hidden,sample_14,lidc_val_h14_adversarial,fbp_gpu,68,19.0673,0.6151,0.7165,0.48,0.04
hidden,sample_14,lidc_val_h14_adversarial,tv_admm_gpu,68,18.8387,0.355,0.7757,0.3855,1.85
hidden,sample_14,lidc_val_h14_adversarial,pnp_drunet,68,20.6756,0.8229,0.776,0.5911,3.04
hidden,sample_15,lidc_val_h15_adversarial,fbp_gpu,82,18.1934,0.5781,0.7324,0.4596,0.05
hidden,sample_15,lidc_val_h15_adversarial,tv_admm_gpu,82,16.1025,0.3203,0.7687,0.3429,2.22
hidden,sample_15,lidc_val_h15_adversarial,pnp_drunet,82,18.2017,0.7495,0.769,0.5356,3.25
hidden,sample_16,lidc_val_h16_adversarial,fbp_gpu,58,19.4345,0.2162,0.8153,0.3439,0.04
hidden,sample_16,lidc_val_h16_adversarial,tv_admm_gpu,58,16.8189,0.0753,0.8748,0.2733,1.72
hidden,sample_16,lidc_val_h16_adversarial,pnp_drunet,58,22.2951,0.5966,0.8759,0.5368,2.85
hidden,sample_17,lidc_val_h17_adversarial,fbp_gpu,76,17.678,0.676,0.6665,0.4805,0.05
hidden,sample_17,lidc_val_h17_adversarial,tv_admm_gpu,76,15.052,0.2683,0.7479,0.3074,2.08
hidden,sample_17,lidc_val_h17_adversarial,pnp_drunet,76,17.2959,0.7896,0.7483,0.5385,3.22
hidden,sample_18,lidc_val_h18_adversarial,fbp_gpu,46,19.838,0.2338,0.8805,0.368,0.03
hidden,sample_18,lidc_val_h18_adversarial,tv_admm_gpu,46,15.1024,0.1079,0.9121,0.2766,1.63
hidden,sample_18,lidc_val_h18_adversarial,pnp_drunet,46,21.5017,0.6486,0.9231,0.5591,2.71
hidden,sample_19,lidc_val_h19_adversarial,fbp_gpu,53,17.6136,0.656,0.6787,0.4743,0.03
hidden,sample_19,lidc_val_h19_adversarial,tv_admm_gpu,53,11.9747,0.003,-0.0,0.021,1.48
hidden,sample_19,lidc_val_h19_adversarial,pnp_drunet,53,3.1153,0.4505,-0.408,0.0298,2.73
